{
  "errors": [],
  "generated_at": "2024-02-01T19:20:25Z",
  "metrics": {
    ".\\pyExamples/app.py": {
      "CONFIDENCE.HIGH": 0,
      "CONFIDENCE.LOW": 0,
      "CONFIDENCE.MEDIUM": 0,
      "CONFIDENCE.UNDEFINED": 0,
      "SEVERITY.HIGH": 0,
      "SEVERITY.LOW": 0,
      "SEVERITY.MEDIUM": 0,
      "SEVERITY.UNDEFINED": 0,
      "loc": 56,
      "nosec": 0,
      "skipped_tests": 0
    },
    "_totals": {
      "CONFIDENCE.HIGH": 0,
      "CONFIDENCE.LOW": 0,
      "CONFIDENCE.MEDIUM": 0,
      "CONFIDENCE.UNDEFINED": 0,
      "SEVERITY.HIGH": 0,
      "SEVERITY.LOW": 0,
      "SEVERITY.MEDIUM": 0,
      "SEVERITY.UNDEFINED": 0,
      "loc": 56,
      "nosec": 0,
      "skipped_tests": 0
    }
  },
  "results": []
}