{
  "Mission": [
    {
      "UUID": "a66f-00ad-4379-9d5f-1dcd26",
      "Name": "1",
      "Description": ""
    },
    {
      "UUID": "d7a00419-b85d-4277-a337-3887b102b572",
      "Name": "1.1",
      "Description": ""
    },
    {
      "UUID": "893efa5c-2ff2-4c3c-8f31-10d8aab0af81",
      "Name": "1.2",
      "Description": ""
    },
    {
      "UUID": "2fa68878-4cb6-462b-a28f-caf040302b4a",
      "Name": "1.1.1",
      "Description": ""
    },
    {
      "UUID": "8925f99e-3a9b-47ea-88f4-4c21657e3332",
      "Name": "1.1.2",
      "Description": ""
    },
    {
      "UUID": "6b3f283d-9532-40d7-b80e-499f55a0c77c",
      "Name": "1.1.3",
      "Description": ""
    },
    {
      "UUID": "6f9a-4c20-442c-9203-9584d6",
      "Name": "2",
      "Description": ""
    },
    {
      "UUID": "bb74-f98f-4f18-97e8-5e5320",
      "Name": "2.1",
      "Description": ""
    },
    {
      "UUID": "7ef8-095c-4ecf-b05d-543310",
      "Name": "2.2",
      "Description": ""
    }
  ],
  "OperationalData": [
    {
      "UUID": "774b-3b48-424f-bf2b-4981b6",
      "Name": "monf",
      "Description": ""
    },
    {
      "UUID": "dd87-eff3-4254-9aae-0ac4ae",
      "Name": "mmw5",
      "Description": ""
    },
    {
      "UUID": "7dc6-4cc8-47fa-9d60-1f01a9",
      "Name": "fmcp",
      "Description": ""
    },
    {
      "UUID": "191d-224f-4a11-bc45-e95473",
      "Name": "ims0",
      "Description": ""
    },
    {
      "UUID": "34c3-dea1-4287-b05a-4045ef",
      "Name": "ta32",
      "Description": ""
    },
    {
      "UUID": "67c0-1af8-4c1a-bb42-3a2f07",
      "Name": "oazj",
      "Description": ""
    },
    {
      "UUID": "a079-342f-400c-9549-10cd53",
      "Name": "fawn",
      "Description": ""
    },
    {
      "UUID": "76e4-251f-45f7-a01c-688e4d",
      "Name": "x63q",
      "Description": ""
    },
    {
      "UUID": "0cc0-b491-4075-b6d3-16bef7",
      "Name": "XXX",
      "Description": ""
    }
  ],
  "MissionHierarchy": [
    {
      "ParentMission": "a66f-00ad-4379-9d5f-1dcd26",
      "ChildMission": "d7a00419-b85d-4277-a337-3887b102b572"
    },
    {
      "ParentMission": "a66f-00ad-4379-9d5f-1dcd26",
      "ChildMission": "893efa5c-2ff2-4c3c-8f31-10d8aab0af81"
    },
    {
      "ParentMission": "d7a00419-b85d-4277-a337-3887b102b572",
      "ChildMission": "2fa68878-4cb6-462b-a28f-caf040302b4a"
    },
    {
      "ParentMission": "d7a00419-b85d-4277-a337-3887b102b572",
      "ChildMission": "8925f99e-3a9b-47ea-88f4-4c21657e3332"
    },
    {
      "ParentMission": "d7a00419-b85d-4277-a337-3887b102b572",
      "ChildMission": "6b3f283d-9532-40d7-b80e-499f55a0c77c"
    },
    {
      "ParentMission": "6f9a-4c20-442c-9203-9584d6",
      "ChildMission": "7ef8-095c-4ecf-b05d-543310"
    },
    {
      "ParentMission": "6f9a-4c20-442c-9203-9584d6",
      "ChildMission": "bb74-f98f-4f18-97e8-5e5320"
    }
  ],
  "Mission_OperationalData": [
    {
      "OperationalData": "191d-224f-4a11-bc45-e95473",
      "Mission": "2fa68878-4cb6-462b-a28f-caf040302b4a"
    },
    {
      "OperationalData": "dd87-eff3-4254-9aae-0ac4ae",
      "Mission": "6b3f283d-9532-40d7-b80e-499f55a0c77c"
    },
    {
      "OperationalData": "34c3-dea1-4287-b05a-4045ef",
      "Mission": "8925f99e-3a9b-47ea-88f4-4c21657e3332"
    },
    {
      "OperationalData": "7dc6-4cc8-47fa-9d60-1f01a9",
      "Mission": "893efa5c-2ff2-4c3c-8f31-10d8aab0af81"
    },
    {
      "OperationalData": "774b-3b48-424f-bf2b-4981b6",
      "Mission": "893efa5c-2ff2-4c3c-8f31-10d8aab0af81"
    },
    {
      "OperationalData": "76e4-251f-45f7-a01c-688e4d",
      "Mission": "8925f99e-3a9b-47ea-88f4-4c21657e3332"
    },
    {
      "OperationalData": "a079-342f-400c-9549-10cd53",
      "Mission": "8925f99e-3a9b-47ea-88f4-4c21657e3332"
    },
    {
      "OperationalData": "67c0-1af8-4c1a-bb42-3a2f07",
      "Mission": "2fa68878-4cb6-462b-a28f-caf040302b4a"
    },
    {
      "OperationalData": "0cc0-b491-4075-b6d3-16bef7",
      "Mission": "d7a00419-b85d-4277-a337-3887b102b572"
    }
  ]
}