{
    "report_meta": {
        "scan_target": "files",
        "scanned": [
            "reqts.txt"
        ],
        "scanned_full_path": [
            "C:\\Users\\Jason.Adkin\\Projects\\CriticalityAnalysis\\reqts.txt"
        ],
        "target_languages": [
            "python"
        ],
        "policy_file": null,
        "policy_file_source": "local",
        "audit_and_monitor": false,
        "api_key": false,
        "account": "",
        "local_database_path": null,
        "safety_version": "3.0.1",
        "timestamp": "2024-02-01 10:31:26",
        "packages_found": 50,
        "vulnerabilities_found": 0,
        "vulnerabilities_ignored": 0,
        "remediations_recommended": 0,
        "telemetry": {
            "safety_options": {
                "files": {
                    "-r": 1
                },
                "json": {
                    "--json": 1
                }
            },
            "safety_version": "3.0.1",
            "safety_source": "cli",
            "os_type": "Windows",
            "os_release": "10",
            "os_description": "Windows-10-10.0.19045-SP0",
            "python_version": "3.11.4",
            "safety_command": "check"
        },
        "git": {
            "branch": "main",
            "tag": "",
            "commit": "cfb3536a1fce175db5358c88be5cee9d971071d0",
            "dirty": true,
            "origin": "git@github.com:jasonadki/CriticalityAnalysis.git"
        },
        "project": null,
        "json_version": "1.1",
        "remediations_attempted": 0,
        "remediations_completed": 0,
        "remediation_mode": "NON_INTERACTIVE"
    },
    "scanned_packages": {
        "authlib": {
            "name": "authlib",
            "version": "1.3.0",
            "requirements": [
                {
                    "raw": "Authlib==1.3.0",
                    "extras": [],
                    "marker": null,
                    "name": "Authlib",
                    "specifier": "==1.3.0",
                    "url": null,
                    "found": "C:\\Users\\Jason.Adkin\\Projects\\CriticalityAnalysis\\reqts.txt"
                }
            ]
        },
        "bandit": {
            "name": "bandit",
            "version": "1.7.7",
            "requirements": [
                {
                    "raw": "bandit==1.7.7",
                    "extras": [],
                    "marker": null,
                    "name": "bandit",
                    "specifier": "==1.7.7",
                    "url": null,
                    "found": "C:\\Users\\Jason.Adkin\\Projects\\CriticalityAnalysis\\reqts.txt"
                }
            ]
        },
        "blinker": {
            "name": "blinker",
            "version": "1.7.0",
            "requirements": [
                {
                    "raw": "blinker==1.7.0",
                    "extras": [],
                    "marker": null,
                    "name": "blinker",
                    "specifier": "==1.7.0",
                    "url": null,
                    "found": "C:\\Users\\Jason.Adkin\\Projects\\CriticalityAnalysis\\reqts.txt"
                }
            ]
        },
        "certifi": {
            "name": "certifi",
            "version": "2023.11.17",
            "requirements": [
                {
                    "raw": "certifi==2023.11.17",
                    "extras": [],
                    "marker": null,
                    "name": "certifi",
                    "specifier": "==2023.11.17",
                    "url": null,
                    "found": "C:\\Users\\Jason.Adkin\\Projects\\CriticalityAnalysis\\reqts.txt"
                }
            ]
        },
        "cffi": {
            "name": "cffi",
            "version": "1.16.0",
            "requirements": [
                {
                    "raw": "cffi==1.16.0",
                    "extras": [],
                    "marker": null,
                    "name": "cffi",
                    "specifier": "==1.16.0",
                    "url": null,
                    "found": "C:\\Users\\Jason.Adkin\\Projects\\CriticalityAnalysis\\reqts.txt"
                }
            ]
        },
        "charset-normalizer": {
            "name": "charset-normalizer",
            "version": "3.3.2",
            "requirements": [
                {
                    "raw": "charset-normalizer==3.3.2",
                    "extras": [],
                    "marker": null,
                    "name": "charset-normalizer",
                    "specifier": "==3.3.2",
                    "url": null,
                    "found": "C:\\Users\\Jason.Adkin\\Projects\\CriticalityAnalysis\\reqts.txt"
                }
            ]
        },
        "click": {
            "name": "click",
            "version": "8.1.7",
            "requirements": [
                {
                    "raw": "click==8.1.7",
                    "extras": [],
                    "marker": null,
                    "name": "click",
                    "specifier": "==8.1.7",
                    "url": null,
                    "found": "C:\\Users\\Jason.Adkin\\Projects\\CriticalityAnalysis\\reqts.txt"
                }
            ]
        },
        "colorama": {
            "name": "colorama",
            "version": "0.4.6",
            "requirements": [
                {
                    "raw": "colorama==0.4.6",
                    "extras": [],
                    "marker": null,
                    "name": "colorama",
                    "specifier": "==0.4.6",
                    "url": null,
                    "found": "C:\\Users\\Jason.Adkin\\Projects\\CriticalityAnalysis\\reqts.txt"
                }
            ]
        },
        "contourpy": {
            "name": "contourpy",
            "version": "1.2.0",
            "requirements": [
                {
                    "raw": "contourpy==1.2.0",
                    "extras": [],
                    "marker": null,
                    "name": "contourpy",
                    "specifier": "==1.2.0",
                    "url": null,
                    "found": "C:\\Users\\Jason.Adkin\\Projects\\CriticalityAnalysis\\reqts.txt"
                }
            ]
        },
        "cryptography": {
            "name": "cryptography",
            "version": "42.0.2",
            "requirements": [
                {
                    "raw": "cryptography==42.0.2",
                    "extras": [],
                    "marker": null,
                    "name": "cryptography",
                    "specifier": "==42.0.2",
                    "url": null,
                    "found": "C:\\Users\\Jason.Adkin\\Projects\\CriticalityAnalysis\\reqts.txt"
                }
            ]
        },
        "cycler": {
            "name": "cycler",
            "version": "0.12.1",
            "requirements": [
                {
                    "raw": "cycler==0.12.1",
                    "extras": [],
                    "marker": null,
                    "name": "cycler",
                    "specifier": "==0.12.1",
                    "url": null,
                    "found": "C:\\Users\\Jason.Adkin\\Projects\\CriticalityAnalysis\\reqts.txt"
                }
            ]
        },
        "dparse": {
            "name": "dparse",
            "version": "0.6.4b0",
            "requirements": [
                {
                    "raw": "dparse==0.6.4b0",
                    "extras": [],
                    "marker": null,
                    "name": "dparse",
                    "specifier": "==0.6.4b0",
                    "url": null,
                    "found": "C:\\Users\\Jason.Adkin\\Projects\\CriticalityAnalysis\\reqts.txt"
                }
            ]
        },
        "flask": {
            "name": "flask",
            "version": "3.0.1",
            "requirements": [
                {
                    "raw": "Flask==3.0.1",
                    "extras": [],
                    "marker": null,
                    "name": "Flask",
                    "specifier": "==3.0.1",
                    "url": null,
                    "found": "C:\\Users\\Jason.Adkin\\Projects\\CriticalityAnalysis\\reqts.txt"
                }
            ]
        },
        "fonttools": {
            "name": "fonttools",
            "version": "4.47.2",
            "requirements": [
                {
                    "raw": "fonttools==4.47.2",
                    "extras": [],
                    "marker": null,
                    "name": "fonttools",
                    "specifier": "==4.47.2",
                    "url": null,
                    "found": "C:\\Users\\Jason.Adkin\\Projects\\CriticalityAnalysis\\reqts.txt"
                }
            ]
        },
        "idna": {
            "name": "idna",
            "version": "3.6",
            "requirements": [
                {
                    "raw": "idna==3.6",
                    "extras": [],
                    "marker": null,
                    "name": "idna",
                    "specifier": "==3.6",
                    "url": null,
                    "found": "C:\\Users\\Jason.Adkin\\Projects\\CriticalityAnalysis\\reqts.txt"
                }
            ]
        },
        "itsdangerous": {
            "name": "itsdangerous",
            "version": "2.1.2",
            "requirements": [
                {
                    "raw": "itsdangerous==2.1.2",
                    "extras": [],
                    "marker": null,
                    "name": "itsdangerous",
                    "specifier": "==2.1.2",
                    "url": null,
                    "found": "C:\\Users\\Jason.Adkin\\Projects\\CriticalityAnalysis\\reqts.txt"
                }
            ]
        },
        "jinja2": {
            "name": "jinja2",
            "version": "3.1.3",
            "requirements": [
                {
                    "raw": "Jinja2==3.1.3",
                    "extras": [],
                    "marker": null,
                    "name": "Jinja2",
                    "specifier": "==3.1.3",
                    "url": null,
                    "found": "C:\\Users\\Jason.Adkin\\Projects\\CriticalityAnalysis\\reqts.txt"
                }
            ]
        },
        "kiwisolver": {
            "name": "kiwisolver",
            "version": "1.4.5",
            "requirements": [
                {
                    "raw": "kiwisolver==1.4.5",
                    "extras": [],
                    "marker": null,
                    "name": "kiwisolver",
                    "specifier": "==1.4.5",
                    "url": null,
                    "found": "C:\\Users\\Jason.Adkin\\Projects\\CriticalityAnalysis\\reqts.txt"
                }
            ]
        },
        "markdown-it-py": {
            "name": "markdown-it-py",
            "version": "3.0.0",
            "requirements": [
                {
                    "raw": "markdown-it-py==3.0.0",
                    "extras": [],
                    "marker": null,
                    "name": "markdown-it-py",
                    "specifier": "==3.0.0",
                    "url": null,
                    "found": "C:\\Users\\Jason.Adkin\\Projects\\CriticalityAnalysis\\reqts.txt"
                }
            ]
        },
        "markupsafe": {
            "name": "markupsafe",
            "version": "2.1.4",
            "requirements": [
                {
                    "raw": "MarkupSafe==2.1.4",
                    "extras": [],
                    "marker": null,
                    "name": "MarkupSafe",
                    "specifier": "==2.1.4",
                    "url": null,
                    "found": "C:\\Users\\Jason.Adkin\\Projects\\CriticalityAnalysis\\reqts.txt"
                }
            ]
        },
        "marshmallow": {
            "name": "marshmallow",
            "version": "3.20.2",
            "requirements": [
                {
                    "raw": "marshmallow==3.20.2",
                    "extras": [],
                    "marker": null,
                    "name": "marshmallow",
                    "specifier": "==3.20.2",
                    "url": null,
                    "found": "C:\\Users\\Jason.Adkin\\Projects\\CriticalityAnalysis\\reqts.txt"
                }
            ]
        },
        "matplotlib": {
            "name": "matplotlib",
            "version": "3.8.2",
            "requirements": [
                {
                    "raw": "matplotlib==3.8.2",
                    "extras": [],
                    "marker": null,
                    "name": "matplotlib",
                    "specifier": "==3.8.2",
                    "url": null,
                    "found": "C:\\Users\\Jason.Adkin\\Projects\\CriticalityAnalysis\\reqts.txt"
                }
            ]
        },
        "mdurl": {
            "name": "mdurl",
            "version": "0.1.2",
            "requirements": [
                {
                    "raw": "mdurl==0.1.2",
                    "extras": [],
                    "marker": null,
                    "name": "mdurl",
                    "specifier": "==0.1.2",
                    "url": null,
                    "found": "C:\\Users\\Jason.Adkin\\Projects\\CriticalityAnalysis\\reqts.txt"
                }
            ]
        },
        "networkx": {
            "name": "networkx",
            "version": "3.2.1",
            "requirements": [
                {
                    "raw": "networkx==3.2.1",
                    "extras": [],
                    "marker": null,
                    "name": "networkx",
                    "specifier": "==3.2.1",
                    "url": null,
                    "found": "C:\\Users\\Jason.Adkin\\Projects\\CriticalityAnalysis\\reqts.txt"
                }
            ]
        },
        "numpy": {
            "name": "numpy",
            "version": "1.26.3",
            "requirements": [
                {
                    "raw": "numpy==1.26.3",
                    "extras": [],
                    "marker": null,
                    "name": "numpy",
                    "specifier": "==1.26.3",
                    "url": null,
                    "found": "C:\\Users\\Jason.Adkin\\Projects\\CriticalityAnalysis\\reqts.txt"
                }
            ]
        },
        "packaging": {
            "name": "packaging",
            "version": "23.0",
            "requirements": [
                {
                    "raw": "packaging==23.0",
                    "extras": [],
                    "marker": null,
                    "name": "packaging",
                    "specifier": "==23.0",
                    "url": null,
                    "found": "C:\\Users\\Jason.Adkin\\Projects\\CriticalityAnalysis\\reqts.txt"
                }
            ]
        },
        "pandas": {
            "name": "pandas",
            "version": "2.2.0",
            "requirements": [
                {
                    "raw": "pandas==2.2.0",
                    "extras": [],
                    "marker": null,
                    "name": "pandas",
                    "specifier": "==2.2.0",
                    "url": null,
                    "found": "C:\\Users\\Jason.Adkin\\Projects\\CriticalityAnalysis\\reqts.txt"
                }
            ]
        },
        "pbr": {
            "name": "pbr",
            "version": "6.0.0",
            "requirements": [
                {
                    "raw": "pbr==6.0.0",
                    "extras": [],
                    "marker": null,
                    "name": "pbr",
                    "specifier": "==6.0.0",
                    "url": null,
                    "found": "C:\\Users\\Jason.Adkin\\Projects\\CriticalityAnalysis\\reqts.txt"
                }
            ]
        },
        "pillow": {
            "name": "pillow",
            "version": "10.2.0",
            "requirements": [
                {
                    "raw": "pillow==10.2.0",
                    "extras": [],
                    "marker": null,
                    "name": "pillow",
                    "specifier": "==10.2.0",
                    "url": null,
                    "found": "C:\\Users\\Jason.Adkin\\Projects\\CriticalityAnalysis\\reqts.txt"
                }
            ]
        },
        "pycparser": {
            "name": "pycparser",
            "version": "2.21",
            "requirements": [
                {
                    "raw": "pycparser==2.21",
                    "extras": [],
                    "marker": null,
                    "name": "pycparser",
                    "specifier": "==2.21",
                    "url": null,
                    "found": "C:\\Users\\Jason.Adkin\\Projects\\CriticalityAnalysis\\reqts.txt"
                }
            ]
        },
        "pydantic": {
            "name": "pydantic",
            "version": "1.10.14",
            "requirements": [
                {
                    "raw": "pydantic==1.10.14",
                    "extras": [],
                    "marker": null,
                    "name": "pydantic",
                    "specifier": "==1.10.14",
                    "url": null,
                    "found": "C:\\Users\\Jason.Adkin\\Projects\\CriticalityAnalysis\\reqts.txt"
                }
            ]
        },
        "pygments": {
            "name": "pygments",
            "version": "2.17.2",
            "requirements": [
                {
                    "raw": "Pygments==2.17.2",
                    "extras": [],
                    "marker": null,
                    "name": "Pygments",
                    "specifier": "==2.17.2",
                    "url": null,
                    "found": "C:\\Users\\Jason.Adkin\\Projects\\CriticalityAnalysis\\reqts.txt"
                }
            ]
        },
        "pyparsing": {
            "name": "pyparsing",
            "version": "3.1.1",
            "requirements": [
                {
                    "raw": "pyparsing==3.1.1",
                    "extras": [],
                    "marker": null,
                    "name": "pyparsing",
                    "specifier": "==3.1.1",
                    "url": null,
                    "found": "C:\\Users\\Jason.Adkin\\Projects\\CriticalityAnalysis\\reqts.txt"
                }
            ]
        },
        "python-dateutil": {
            "name": "python-dateutil",
            "version": "2.8.2",
            "requirements": [
                {
                    "raw": "python-dateutil==2.8.2",
                    "extras": [],
                    "marker": null,
                    "name": "python-dateutil",
                    "specifier": "==2.8.2",
                    "url": null,
                    "found": "C:\\Users\\Jason.Adkin\\Projects\\CriticalityAnalysis\\reqts.txt"
                }
            ]
        },
        "pytz": {
            "name": "pytz",
            "version": "2023.4",
            "requirements": [
                {
                    "raw": "pytz==2023.4",
                    "extras": [],
                    "marker": null,
                    "name": "pytz",
                    "specifier": "==2023.4",
                    "url": null,
                    "found": "C:\\Users\\Jason.Adkin\\Projects\\CriticalityAnalysis\\reqts.txt"
                }
            ]
        },
        "pyyaml": {
            "name": "pyyaml",
            "version": "6.0.1",
            "requirements": [
                {
                    "raw": "PyYAML==6.0.1",
                    "extras": [],
                    "marker": null,
                    "name": "PyYAML",
                    "specifier": "==6.0.1",
                    "url": null,
                    "found": "C:\\Users\\Jason.Adkin\\Projects\\CriticalityAnalysis\\reqts.txt"
                }
            ]
        },
        "requests": {
            "name": "requests",
            "version": "2.31.0",
            "requirements": [
                {
                    "raw": "requests==2.31.0",
                    "extras": [],
                    "marker": null,
                    "name": "requests",
                    "specifier": "==2.31.0",
                    "url": null,
                    "found": "C:\\Users\\Jason.Adkin\\Projects\\CriticalityAnalysis\\reqts.txt"
                }
            ]
        },
        "rich": {
            "name": "rich",
            "version": "13.7.0",
            "requirements": [
                {
                    "raw": "rich==13.7.0",
                    "extras": [],
                    "marker": null,
                    "name": "rich",
                    "specifier": "==13.7.0",
                    "url": null,
                    "found": "C:\\Users\\Jason.Adkin\\Projects\\CriticalityAnalysis\\reqts.txt"
                }
            ]
        },
        "ruamel-yaml": {
            "name": "ruamel-yaml",
            "version": "0.18.5",
            "requirements": [
                {
                    "raw": "ruamel.yaml==0.18.5",
                    "extras": [],
                    "marker": null,
                    "name": "ruamel.yaml",
                    "specifier": "==0.18.5",
                    "url": null,
                    "found": "C:\\Users\\Jason.Adkin\\Projects\\CriticalityAnalysis\\reqts.txt"
                }
            ]
        },
        "ruamel-yaml-clib": {
            "name": "ruamel-yaml-clib",
            "version": "0.2.8",
            "requirements": [
                {
                    "raw": "ruamel.yaml.clib==0.2.8",
                    "extras": [],
                    "marker": null,
                    "name": "ruamel.yaml.clib",
                    "specifier": "==0.2.8",
                    "url": null,
                    "found": "C:\\Users\\Jason.Adkin\\Projects\\CriticalityAnalysis\\reqts.txt"
                }
            ]
        },
        "safety": {
            "name": "safety",
            "version": "3.0.1",
            "requirements": [
                {
                    "raw": "safety==3.0.1",
                    "extras": [],
                    "marker": null,
                    "name": "safety",
                    "specifier": "==3.0.1",
                    "url": null,
                    "found": "C:\\Users\\Jason.Adkin\\Projects\\CriticalityAnalysis\\reqts.txt"
                }
            ]
        },
        "safety-schemas": {
            "name": "safety-schemas",
            "version": "0.0.1",
            "requirements": [
                {
                    "raw": "safety-schemas==0.0.1",
                    "extras": [],
                    "marker": null,
                    "name": "safety-schemas",
                    "specifier": "==0.0.1",
                    "url": null,
                    "found": "C:\\Users\\Jason.Adkin\\Projects\\CriticalityAnalysis\\reqts.txt"
                }
            ]
        },
        "seaborn": {
            "name": "seaborn",
            "version": "0.13.2",
            "requirements": [
                {
                    "raw": "seaborn==0.13.2",
                    "extras": [],
                    "marker": null,
                    "name": "seaborn",
                    "specifier": "==0.13.2",
                    "url": null,
                    "found": "C:\\Users\\Jason.Adkin\\Projects\\CriticalityAnalysis\\reqts.txt"
                }
            ]
        },
        "six": {
            "name": "six",
            "version": "1.16.0",
            "requirements": [
                {
                    "raw": "six==1.16.0",
                    "extras": [],
                    "marker": null,
                    "name": "six",
                    "specifier": "==1.16.0",
                    "url": null,
                    "found": "C:\\Users\\Jason.Adkin\\Projects\\CriticalityAnalysis\\reqts.txt"
                }
            ]
        },
        "stevedore": {
            "name": "stevedore",
            "version": "5.1.0",
            "requirements": [
                {
                    "raw": "stevedore==5.1.0",
                    "extras": [],
                    "marker": null,
                    "name": "stevedore",
                    "specifier": "==5.1.0",
                    "url": null,
                    "found": "C:\\Users\\Jason.Adkin\\Projects\\CriticalityAnalysis\\reqts.txt"
                }
            ]
        },
        "typer": {
            "name": "typer",
            "version": "0.9.0",
            "requirements": [
                {
                    "raw": "typer==0.9.0",
                    "extras": [],
                    "marker": null,
                    "name": "typer",
                    "specifier": "==0.9.0",
                    "url": null,
                    "found": "C:\\Users\\Jason.Adkin\\Projects\\CriticalityAnalysis\\reqts.txt"
                }
            ]
        },
        "typing-extensions": {
            "name": "typing-extensions",
            "version": "4.9.0",
            "requirements": [
                {
                    "raw": "typing_extensions==4.9.0",
                    "extras": [],
                    "marker": null,
                    "name": "typing_extensions",
                    "specifier": "==4.9.0",
                    "url": null,
                    "found": "C:\\Users\\Jason.Adkin\\Projects\\CriticalityAnalysis\\reqts.txt"
                }
            ]
        },
        "tzdata": {
            "name": "tzdata",
            "version": "2023.4",
            "requirements": [
                {
                    "raw": "tzdata==2023.4",
                    "extras": [],
                    "marker": null,
                    "name": "tzdata",
                    "specifier": "==2023.4",
                    "url": null,
                    "found": "C:\\Users\\Jason.Adkin\\Projects\\CriticalityAnalysis\\reqts.txt"
                }
            ]
        },
        "urllib3": {
            "name": "urllib3",
            "version": "2.2.0",
            "requirements": [
                {
                    "raw": "urllib3==2.2.0",
                    "extras": [],
                    "marker": null,
                    "name": "urllib3",
                    "specifier": "==2.2.0",
                    "url": null,
                    "found": "C:\\Users\\Jason.Adkin\\Projects\\CriticalityAnalysis\\reqts.txt"
                }
            ]
        },
        "werkzeug": {
            "name": "werkzeug",
            "version": "3.0.1",
            "requirements": [
                {
                    "raw": "Werkzeug==3.0.1",
                    "extras": [],
                    "marker": null,
                    "name": "Werkzeug",
                    "specifier": "==3.0.1",
                    "url": null,
                    "found": "C:\\Users\\Jason.Adkin\\Projects\\CriticalityAnalysis\\reqts.txt"
                }
            ]
        }
    },
    "affected_packages": {},
    "announcements": [],
    "vulnerabilities": [],
    "ignored_vulnerabilities": [],
    "remediations": {},
    "remediations_results": {
        "vulnerabilities_fixed": [],
        "remediations_applied": {},
        "remediations_skipped": {}
    }
}
