{
  "Mission": [
    {
      "UUID": "14b8-46cc-4b19-8c35-492115",
      "Name": "1",
      "Description": ""
    },
    {
      "UUID": "06a96dc3-8e9a-48ff-b89b-f43a5a6d0eee",
      "Name": "1.1",
      "Description": ""
    },
    {
      "UUID": "7ed8b131-9401-4919-b9ac-3f97bc229267",
      "Name": "1.2",
      "Description": ""
    },
    {
      "UUID": "d18f2b86-1bfb-4847-bf5f-63b3369be934",
      "Name": "1.3",
      "Description": ""
    },
    {
      "UUID": "e605b38d-d6ce-414d-aebb-3de7d828d8a5",
      "Name": "1.1.1",
      "Description": ""
    },
    {
      "UUID": "083d5d2d-5c4c-48c1-ac7a-d9a081778c51",
      "Name": "1.1.2",
      "Description": ""
    },
    {
      "UUID": "96e7062c-179f-4097-b278-68a9c17141a7",
      "Name": "1.1.3",
      "Description": ""
    },
    {
      "UUID": "441e5b0b-f08d-422a-9e38-87d5facbd96c",
      "Name": "1.3.1",
      "Description": ""
    },
    {
      "UUID": "0ebab6a7-595b-4073-bddf-8a145d238231",
      "Name": "1.3.2",
      "Description": ""
    },
    {
      "UUID": "288508bc-ae04-43a6-af1f-b5a6f2abdf05",
      "Name": "1.3.3",
      "Description": ""
    }
  ],
  "OperationalData": [
    {
      "UUID": "413c0c53-91cf-4532-b3c7-839ba362986a",
      "Name": "RTS",
      "Description": ""
    },
    {
      "UUID": "5f3d4a1c-b9bc-4e25-b376-3533898f94c6",
      "Name": "JNCQ",
      "Description": ""
    },
    {
      "UUID": "21996984-930c-4663-a590-8a9b4eb3a449",
      "Name": "vsI",
      "Description": ""
    },
    {
      "UUID": "7d77fc99-d0fd-422c-9806-9d41eebd5beb",
      "Name": "Pih",
      "Description": ""
    },
    {
      "UUID": "927e697a-13aa-4fa8-b6f2-b682499c6526",
      "Name": "VOA",
      "Description": ""
    },
    {
      "UUID": "849dfea4-c93f-452d-8e69-1a9f69ab208d",
      "Name": "FRn",
      "Description": ""
    },
    {
      "UUID": "0f337ac6-9f1a-4ea5-91b1-af2a7ae450cd",
      "Name": "KVG",
      "Description": ""
    },
    {
      "UUID": "f524178e-a47e-482b-a314-1d4637144403",
      "Name": "VSlg",
      "Description": ""
    },
    {
      "UUID": "e3177d98-5deb-4a67-b348-e800641ba567",
      "Name": "uPQ",
      "Description": ""
    },
    {
      "UUID": "d068c4cf-c8b5-4fb5-a249-960d99c0ba9c",
      "Name": "iRI",
      "Description": ""
    }
  ],
  "MissionHierarchy": [
    {
      "ParentMission": "14b8-46cc-4b19-8c35-492115",
      "ChildMission": "06a96dc3-8e9a-48ff-b89b-f43a5a6d0eee"
    },
    {
      "ParentMission": "14b8-46cc-4b19-8c35-492115",
      "ChildMission": "7ed8b131-9401-4919-b9ac-3f97bc229267"
    },
    {
      "ParentMission": "14b8-46cc-4b19-8c35-492115",
      "ChildMission": "d18f2b86-1bfb-4847-bf5f-63b3369be934"
    },
    {
      "ParentMission": "06a96dc3-8e9a-48ff-b89b-f43a5a6d0eee",
      "ChildMission": "e605b38d-d6ce-414d-aebb-3de7d828d8a5"
    },
    {
      "ParentMission": "06a96dc3-8e9a-48ff-b89b-f43a5a6d0eee",
      "ChildMission": "083d5d2d-5c4c-48c1-ac7a-d9a081778c51"
    },
    {
      "ParentMission": "06a96dc3-8e9a-48ff-b89b-f43a5a6d0eee",
      "ChildMission": "96e7062c-179f-4097-b278-68a9c17141a7"
    },
    {
      "ParentMission": "d18f2b86-1bfb-4847-bf5f-63b3369be934",
      "ChildMission": "441e5b0b-f08d-422a-9e38-87d5facbd96c"
    },
    {
      "ParentMission": "d18f2b86-1bfb-4847-bf5f-63b3369be934",
      "ChildMission": "0ebab6a7-595b-4073-bddf-8a145d238231"
    },
    {
      "ParentMission": "d18f2b86-1bfb-4847-bf5f-63b3369be934",
      "ChildMission": "288508bc-ae04-43a6-af1f-b5a6f2abdf05"
    }
  ],
  "Mission_OperationalData": [
    {
      "Mission": "e605b38d-d6ce-414d-aebb-3de7d828d8a5",
      "OperationalData": "413c0c53-91cf-4532-b3c7-839ba362986a"
    },
    {
      "Mission": "0ebab6a7-595b-4073-bddf-8a145d238231",
      "OperationalData": "413c0c53-91cf-4532-b3c7-839ba362986a"
    },
    {
      "Mission": "96e7062c-179f-4097-b278-68a9c17141a7",
      "OperationalData": "5f3d4a1c-b9bc-4e25-b376-3533898f94c6"
    },
    {
      "Mission": "083d5d2d-5c4c-48c1-ac7a-d9a081778c51",
      "OperationalData": "5f3d4a1c-b9bc-4e25-b376-3533898f94c6"
    },
    {
      "Mission": "0ebab6a7-595b-4073-bddf-8a145d238231",
      "OperationalData": "21996984-930c-4663-a590-8a9b4eb3a449"
    },
    {
      "Mission": "7ed8b131-9401-4919-b9ac-3f97bc229267",
      "OperationalData": "21996984-930c-4663-a590-8a9b4eb3a449"
    },
    {
      "Mission": "96e7062c-179f-4097-b278-68a9c17141a7",
      "OperationalData": "21996984-930c-4663-a590-8a9b4eb3a449"
    },
    {
      "Mission": "e605b38d-d6ce-414d-aebb-3de7d828d8a5",
      "OperationalData": "7d77fc99-d0fd-422c-9806-9d41eebd5beb"
    },
    {
      "Mission": "083d5d2d-5c4c-48c1-ac7a-d9a081778c51",
      "OperationalData": "927e697a-13aa-4fa8-b6f2-b682499c6526"
    },
    {
      "Mission": "96e7062c-179f-4097-b278-68a9c17141a7",
      "OperationalData": "927e697a-13aa-4fa8-b6f2-b682499c6526"
    },
    {
      "Mission": "441e5b0b-f08d-422a-9e38-87d5facbd96c",
      "OperationalData": "927e697a-13aa-4fa8-b6f2-b682499c6526"
    },
    {
      "Mission": "0ebab6a7-595b-4073-bddf-8a145d238231",
      "OperationalData": "927e697a-13aa-4fa8-b6f2-b682499c6526"
    },
    {
      "Mission": "288508bc-ae04-43a6-af1f-b5a6f2abdf05",
      "OperationalData": "849dfea4-c93f-452d-8e69-1a9f69ab208d"
    },
    {
      "Mission": "083d5d2d-5c4c-48c1-ac7a-d9a081778c51",
      "OperationalData": "849dfea4-c93f-452d-8e69-1a9f69ab208d"
    },
    {
      "Mission": "96e7062c-179f-4097-b278-68a9c17141a7",
      "OperationalData": "849dfea4-c93f-452d-8e69-1a9f69ab208d"
    },
    {
      "Mission": "7ed8b131-9401-4919-b9ac-3f97bc229267",
      "OperationalData": "849dfea4-c93f-452d-8e69-1a9f69ab208d"
    },
    {
      "Mission": "7ed8b131-9401-4919-b9ac-3f97bc229267",
      "OperationalData": "0f337ac6-9f1a-4ea5-91b1-af2a7ae450cd"
    },
    {
      "Mission": "441e5b0b-f08d-422a-9e38-87d5facbd96c",
      "OperationalData": "0f337ac6-9f1a-4ea5-91b1-af2a7ae450cd"
    },
    {
      "Mission": "e605b38d-d6ce-414d-aebb-3de7d828d8a5",
      "OperationalData": "0f337ac6-9f1a-4ea5-91b1-af2a7ae450cd"
    },
    {
      "Mission": "0ebab6a7-595b-4073-bddf-8a145d238231",
      "OperationalData": "f524178e-a47e-482b-a314-1d4637144403"
    },
    {
      "Mission": "7ed8b131-9401-4919-b9ac-3f97bc229267",
      "OperationalData": "f524178e-a47e-482b-a314-1d4637144403"
    },
    {
      "Mission": "7ed8b131-9401-4919-b9ac-3f97bc229267",
      "OperationalData": "e3177d98-5deb-4a67-b348-e800641ba567"
    },
    {
      "Mission": "441e5b0b-f08d-422a-9e38-87d5facbd96c",
      "OperationalData": "e3177d98-5deb-4a67-b348-e800641ba567"
    },
    {
      "Mission": "288508bc-ae04-43a6-af1f-b5a6f2abdf05",
      "OperationalData": "e3177d98-5deb-4a67-b348-e800641ba567"
    },
    {
      "Mission": "083d5d2d-5c4c-48c1-ac7a-d9a081778c51",
      "OperationalData": "e3177d98-5deb-4a67-b348-e800641ba567"
    },
    {
      "Mission": "e605b38d-d6ce-414d-aebb-3de7d828d8a5",
      "OperationalData": "d068c4cf-c8b5-4fb5-a249-960d99c0ba9c"
    },
    {
      "Mission": "441e5b0b-f08d-422a-9e38-87d5facbd96c",
      "OperationalData": "d068c4cf-c8b5-4fb5-a249-960d99c0ba9c"
    },
    {
      "Mission": "083d5d2d-5c4c-48c1-ac7a-d9a081778c51",
      "OperationalData": "d068c4cf-c8b5-4fb5-a249-960d99c0ba9c"
    },
    {
      "Mission": "96e7062c-179f-4097-b278-68a9c17141a7",
      "OperationalData": "d068c4cf-c8b5-4fb5-a249-960d99c0ba9c"
    }
  ]
}